{
    "hannah": {
        "rhythm": [
            4.282493829727173,
            4.337975025177002,
            3.3111329078674316,
            3.7167930603027344,
            3.7867588996887207,
            6.742280960083008,
            2.0227200984954834
        ],
        "distribution": [
            0,
            0,
            0,
            1,
            1,
            2,
            2,
            0,
            0,
            1
        ],
        "data": {}
    },
    "bannah": {
        "rhythm": [
            7.8284831047058105,
            6.922083139419556,
            6.959786891937256,
            7.163907766342163
        ],
        "distribution": [
            0,
            0,
            0,
            0,
            0,
            0,
            0,
            0,
            2,
            2
        ],
        "data": {}
    },
    "hann": {
        "rhythm": [
            6.58095908164978,
            5.763743877410889,
            5.112087249755859
        ],
        "data": {}
    },
    "steady": {
        "rhythm": [
            5.88804292678833,
            5.460034132003784,
            5.798348903656006,
            5.339179992675781,
            5.44496488571167
        ],
        "data": {}
    },
    "we will rock you": {
        "rhythm": [
            6.868844985961914,
            5.604685068130493,
            5.62477707862854,
            5.374596834182739,
            5.458493232727051,
            5.5232908725738525,
            5.594660997390747,
            5.716243028640747,
            5.506980895996094,
            5.70305609703064,
            5.336791038513184,
            5.547688007354736
        ],
        "data": {
            "hello world": ""
        }
    },
    "mario": {
        "rhythm": [
            3.256152868270874,
            2.882667064666748,
            2.7625181674957275,
            2.8811168670654297,
            2.8604469299316406,
            2.8934011459350586,
            2.8511548042297363,
            2.939319133758545,
            2.934574842453003
        ],
        "data": {
            "age": "52"
        }
    },
    "abc": {
        "rhythm": [
            2.453577995300293,
            2.4306728839874268,
            2.4819600582122803,
            2.585379123687744,
            2.3745298385620117
        ],
        "data": {
            "hi": "1"
        }
    },
    "a": {
        "rhythm": [
            4.009887933731079,
            3.597210168838501,
            3.6551308631896973,
            3.503114938735962,
            3.756425142288208,
            3.897516965866089
        ],
        "data": {
            "age": "18"
        }
    },
    "triplets": {
        "rhythm": [
            2.9957432746887207,
            2.759603977203369,
            2.884351968765259,
            2.9567408561706543,
            3.037097930908203,
            3.015080213546753,
            3.0926849842071533,
            2.920125722885132,
            2.8900363445281982,
            2.862806797027588,
            2.959691047668457
        ],
        "data": {
            "hi": "1"
        }
    }
}